id_termino,titulo,definicion
telar-kogui,El telar kogui,"Entre los kogui de la Sierra Nevada de Santa Marta, el telar, además de ser un instrumento para tejer sus prendas, es un mapa que representa el cuerpo humano y la geografía de la Sierra.

El torso de un hombre con sus brazos cruzados forma la figura del telar. A su vez, las cuatro esquinas del telar representan las cuatro ciudades de las tierras bajas (Santa Marta, Riohacha, Fundación y Valledupar), mientras las cruces que se forman en su interior representan los picos nevados.

![](historia/1.3.3.1.jpg){md}
Framework of a Kogi loom [*Marco de un telar kogui*] En: The Loom of Life: A Kogi Principle of Integration. G. Reichel-Dolmatoff, 1978.

La forma del telar crea entonces un marco que sirve a los kogui para conceptualizar y representar la geografía, y este marco también se puede expresar en sus cuerpos."
jorge-tadeo-lozano,Jorge Tadeo Lozano,"Jorge Tadeo Lozano nació en Bogotá en 1771, estudió en Europa y se interesó por la historia natural. Esto le permitió unirse a la Real Expedición Botánica en la Nueva Granada en 1803 como encargado del proyecto zoológico. Dada su posición social y económica, Lozano contaba con numerosas haciendas en diferentes climas, lo que le facilitó la recolección de animales para iniciar su trabajo. Como resultado escribió La Fauna Cundinamarquesa. También participó en la publicación de “Correo curioso, erudito, económico y mercantil de la ciudad de Santa Fe de Bogotá”. Su trabajo formó parte de un contexto en el cual la Corona española buscaba impulsar la economía de las colonias a través de expediciones científicas, que tuvo lugar en el marco de las dinámicas globales de la Ilustración.

Como parte de su trabajo administrativo en el imperio español, Lozano fue nombrado teniente protector de indios de Bosa, Fusagasugá y Usaquén en 1807. Con la consolidación del primer gobierno republicano, Lozano fue el primer presidente de Cundinamarca y de las Provincias Unidas de la Nueva Granada, hasta que en 1811 lo depuso un golpe de Estado encabezado por Antonio Nariño. Tras la reconquista, las fuerzas de Pablo Morillo fusilaron a Lozano el 6 de julio de 1816 en la actual Plaza de los Mártires por su participación en la política republicana."
sobre-la-reduccion-de-los-indios,Sobre la reducción de los indios,"**Ley primera. Que los indios sean reducidos a poblaciones.**

![](historia/2.2.1.jpg){md}

> Con mucho cuidado, y particular atención se ha procurado siempre interponer los medios más convenientes, para que los indios sean instruidos en la Santa Fé Católica, y Ley Evangélica, y olvidando los errores de sus antiguos ritos, y ceremonias vivan en concierto y policía, y para que esto se ejecutase con mejor acierto se juntaron diversas veces los de nuestro Consejo de Indias, (...) los cuales con deseo de acertar en servicio de Dios, y nuestro, resolvieron, que los indios fuesen reducidos a Pueblos, y no viviesen divididos, y separados por las Sierras, y Montes, privándose de todo beneficio espiritual

Recopilación de Leyes de los Reinos de las Indias. Mandadas imprimir y publicar por la magestad católica del Rey don Carlos II. Libro VI, título III. Julián de Paredes, 1681. Cortesía de la Biblioteca Nacional de España, Madrid. [Ver documento completo](https://www.paisajescoloniales.com/paisajes/obj27.html)"
sobre-que-en-cada-reduccion-haya-iglesia-con-puerta-y-llave,Sobre que en cada Reducción haya Iglesia con puerta y llave,"![](historia/2.2.2.jpg){sm}

**Ley iiij: Que en cada Reducción haya Iglesia con puerta, y llave.**

> “ En todas las Reducciones aunque los indios sean pocos, se ha de hacer Iglesia, donde se pueda decir Misa con decencia, y tenga puerta con llave, sin embargo de que sea sujeta a Parroquia y esté apartada de ella. “

Recopilación de Leyes de los Reinos de las Indias. Mandadas imprimir y publicar por la magestad católica del Rey don Carlos II. Libro VI, título III. Julián de Paredes, 1681. Cortesía de la Biblioteca Nacional de España, Madrid.  [Ver documento completo](https://www.paisajescoloniales.com/paisajes/obj27.html)"
cacicazgo,Cacicazgo,"Los términos “cacique” y “cacicazgo” los empezaron a utilizar los españoles en el Caribe, al notar que este era el vocablo usado en arawak para referirse a sus autoridades étnicas. De ese momento en adelante, los españoles lo utilizaron como un término genérico para referirse a las autoridades indígenas a lo largo del imperio.

El término muisca para denominar a algunas de estas autoridades era psihipqua. Los caciques que lideraron las comunidades muiscas tras la conquista tuvieron que transformar su forma de gobernar en un contexto colonial en que se ponían cada vez más presiones a los indígenas.

Para fines del siglo XVI encontramos muchos caciques que se visten como españoles, utilizan el título de “don” y un nombre europeo (como don Francisco de Ubaque) y que financiaron pinturas murales, misas y celebraciones católicas."
don-francisco,Don Francisco,"> A finales del siglo XVI el cacique de Ubaque se llamaba don Francisco. Don Francisco se concebía a sí mismo como un hombre cristiano. Como vestido portaba un traje azul con capa, un sombrero con plumas y una espada que colgaba de su cintura. De acuerdo con sus declaraciones, su arma y su caballo estaban preparados para enfrentar en cualquier momento un alzamiento de los indios. En su casa, los arreglos, las mesas y cama indicaban que comía y dormía como cualquier caballero español. Le gustaba leer y escribir, asistir a misa y aplicar los valores tocantes a la fe católica.

> Para comprar sus prendas europeas, don Francisco apareció frecuentemente como deudor de los mercaderes de Santafé y trató de vender a su encomendero las tierras en donde se hacían las mejores labranzas de su comunidad para cubrir sus deudas. En 1583 don Francisco se presentó ante la Real Audiencia de Santafé con una solicitud para transformar las costumbres de sucesión de los cacicazgos muiscas. Don Francisco quería que el rey Felipe II resolviera que no eran los sobrinos quienes debían heredar los cacicazgos (como sucedía de acuerdo con los criterios de parentesco matrilineales de las comunidades muiscas), sino que los debían heredar los hijos (como sucedía en las sociedades católicas). En su solicitud don Francisco se quejaba de las costumbres idólatras de sus súbditos e indicaba que se tenían que transformar, actitud que lo llevó a perder el apoyo de la comunidad.

> ""Yo soy casado ... según orden de la Santa Madre Iglesia con doña Beatriz, mi mujer, y de nuestro matrimonio tenemos un hijo legítimo y vivimos como los españoles, políticamente y en su traje, guardando espiritual y temporalmente todo aquello que guardan los cristianos, en ejemplo de todos los demás indios de esta tierra"" -- Don Francisco.

> Don Francisco ""es hombre ladino de nuestra lengua española, de muy buen trato y razón, y tal que en todo este Reino no ... conoce este testigo otro cacique que sea como es. ... Es muy amigo de españoles y cuando van por su pueblo y repartimiento los hospeda y reza, poniéndoles mesa al uso de españoles y dándoles de comer muy pulidamente como si verdaderamente fuera español."" -- Miguel de Espejo

> ""Los santuarios y figuras de los falsos dioses que sus antepasados tuvieron y adoraron, el dicho don Francisco los ha destruido, quebrado, quemado y asolado.""

> ""En tanto grado se ha señalado a imitar en las buenas costumbres de la gente española que los propios indios sus sujetos han disgustado de ello por decir que no ande a sus ritos y ceremonias como los caciques sus antepasados.""

Archivo General de Indias, Sevilla, Audiencia de Santa Fe 125, n. 10. [Ver documento completo](../../objects/obj25/)"
sobre-los-cercados-indigenas,Sobre los cercados indígenas,"> “Las maneras de sus casas y edificios aunque son de madera y cubiertas de un feno largo que allá hay son de la más extraña hechura y labor que se ha visto, especialmente las de los caciques y hombres principales, porque son a manera de alcázares con muchas cercas alrededor, de la manera que acá suelen pintar el Laberinto de Troya, [y] tienen grandes patios las casas de muy grandes moldaduras de bulto y también pinturas por toda ella”.

Anónimo, “Epítome de la conquista del Nuevo Reino de Granada”."
sobre-los-indigenas-en-la-ciudad,Sobre los indígenas en la ciudad,"> “Habiendo entendido los desordenes y excesos que ha visto en esta ciudad de Santafé de Bogotá sobre que los indios e indias, ladinos, mulatos y mulatas que en ella viven no estén con amos a quien sirvan y por esta razón andan ociosos y vagabundos, de que resulta de ordinario en grandes daños e inconvenientes … nombraba y nombro s[eñ]or administrador de los d[ic]hos indios y mulatos.”

Archivo General de Indias (Sevilla), Audiencia de Santa Fe, Legajo 93, n. 16, ff. 500r-501r. [Ver documento completo](https://www.paisajescoloniales.com/paisajes/obj44.html)"
sobre-el-repartimiento-de-encomiendas,Sobre el repartimiento de encomiendas,"**Ley primera. Que estando la tierra pacífica, el Gobernador reparta los Indios de ella.**

![](historia/1.1.2.jpg){md}

> “Reparta los Indios entre los pobladores, para que cada uno se encargue de los que fueren de su repartimiento, y los defienda, y ampare, proveyendo Ministro, que les enseñe la Doctrina Cristiana, y administre los Sacramentos, guardando nuestro Patronazgo y enseñe a vivir en policía”

Recopilación de Leyes de los Reinos de las Indias. Mandadas imprimir y publicar por la magestad católica del Rey don Carlos II. Libro VI, título VII. Julián de Paredes, 1681. Cortesía de la Biblioteca Nacional de España, Madrid. [Ver documento completo](../../objects/obj5/)"
